family,config,seeds,command,outputs,metrics,status
Fig4(a),configs/revision4/formal_resource_only_lt.json,train1000-1002; validation2000-2004; pairedtest0-19,python -m at2hjo.cli train --config configs/revision4/formal_resource_only_lt.json --seed 1000 --device auto --output runs/new_lt,episode_metrics.json; slots.jsonl; intervals.jsonl; aggregate CSV,LT interval return/per-slot cost,Training configuration and command included; full-scale result artifacts are outside this core release
Fig4(b),configs/revision4/formal_resource_only_st.json,train1000-1002; validation2000-2004; pairedtest0-19,python -m at2hjo.cli train --config configs/revision4/formal_resource_only_st.json --seed 1000 --device auto --output runs/new_st,episode_metrics.json; slots.jsonl; intervals.jsonl; aggregate CSV,ST operating cost,Training configuration and command included; full-scale result artifacts are outside this core release
Fig4(c),configs/revision4/formal_resource_only.json,train1000-1002; validation2000-2004; pairedtest0-19,python -m at2hjo.cli train --config configs/revision4/formal_resource_only.json --seed 1000 --device auto --output runs/new_joint,episode_metrics.json; slots.jsonl; intervals.jsonl; aggregate CSV,P0,Training configuration and command included; full-scale result artifacts are outside this core release
Fig5(a-c),configs/revision4/formal_resource_only.json,train1000-1002; validation2000-2004; pairedtest0-19,python -m at2hjo.cli train --config configs/revision4/formal_resource_only.json --seed 1000 --device auto --output runs/new_joint,episode_metrics.json; slots.jsonl; intervals.jsonl; aggregate CSV,"P0,completed latency including wait,task energy",Training configuration and command included; full-scale result artifacts are outside this core release
Fig6(a-d),configs/revision4/formal_resource_only.json,train1000-1002; validation2000-2004; pairedtest0-19,python -m at2hjo.cli train --config configs/revision4/formal_resource_only.json --seed 1000 --device auto --output runs/new_joint,episode_metrics.json; slots.jsonl; intervals.jsonl; aggregate CSV,raw deployment/thermal/cost and interval traces,Training configuration and command included; full-scale result artifacts are outside this core release
certified evaluation,configs/revision4/formal_certified.json,train1000-1002; validation2000-2004; pairedtest0-19,python -m at2hjo.cli train --config configs/revision4/formal_certified.json --seed 1000 --device auto --output runs/new_joint,episode_metrics.json; slots.jsonl; intervals.jsonl; aggregate CSV,"deadline/thermal/energy violations,wait/drop,operating failures",Training configuration and command included; full-scale result artifacts are outside this core release
Fig7(a),experiment-specific configuration,paper pairedtest0-19; separate adaptation training roots required,Use released interfaces with an experiment-specific runner,Experiment-specific result artifacts outside this core release,Evaluation-layer timing; independent M10/20/30 networks and benchmark runs,Experiment-specific runner required beyond the released core
Fig7(b)/unseen adaptation,experiment-specific configuration,paper pairedtest0-19; separate adaptation training roots required,Use released interfaces with an experiment-specific runner,Experiment-specific result artifacts outside this core release,Scenario perturbation; warm-start and scratch adaptation,Experiment-specific runner required beyond the released core
Fig8(a-c),experiment-specific configuration,paper pairedtest0-19; separate adaptation training roots required,Use released interfaces with an experiment-specific runner,Experiment-specific result artifacts outside this core release,Six-variant ablation analysis,Experiment-specific runner required beyond the released core
training-interaction table,experiment-specific configuration,paper pairedtest0-19; separate adaptation training roots required,Use released interfaces with an experiment-specific runner,Experiment-specific result artifacts outside this core release,Interaction counts with threshold and confirmation analysis,Experiment-specific runner required beyond the released core
